Name,Price
AK-47 | Legion of Anubis (Field-Tested),"Starting at:
32,45€
31,04€"
MP9 | Starlight Protector (Field-Tested),"Starting at:
52,95€
50,65€"
AK-47 | Nightwish (Field-Tested),"Starting at:
52,99€
50,69€"
MP9 | Starlight Protector (Minimal Wear),"Starting at:
59,14€
56,57€"
SSG 08 | Dragonfire (Minimal Wear),"Starting at:
268,53€
256,86€"
SSG 08 | Dragonfire (Field-Tested),"Starting at:
240,--€
229,57€"
Fracture Case,"Starting at:
0,54€
0,52€"
Dreams & Nightmares Case,"Starting at:
1,63€
1,56€"
Gallery Case,"Starting at:
1,21€
1,16€"
Fever Case,"Starting at:
0,81€
0,78€"
